Ord,System,OS,CPU,clock,V1.1,V2.1,REF
001,DEC AlphaServer 8400 5/300,UNIX V4.0,DEC 21164,300.0,550.1,464.8,99
002,DEC AlphaServer 8400 5/300,UNIX V4.0,DEC 21164,300.0,523.5,457.2,97
003,Dell Dimension Pro150,NT 4.0 srvr,Pentium Pro,200.0,NA,446.9,103
004,Dell Dimension Pro150,NT 4.0 srvr,Pentium Pro,200.0,NA,419.5,101
005,DEC Alpha 600 5/266,OSF/1 V3.2c,21164-EB5,266.0,NA,366.8,79
006,DEC Server 2100 5/250,UNIX V3.2b,DEC 21064,250.0,NA,360.4,70
007,Dell XPS Pro 200n,NT 3.51,Pentium Pro,200.0,372.8,312.4,110
008,DEC 3000/900 AXP,OSF/1 V3.0,DEC 21064,275.0,NA,291.9,63
009,DEC Alpha 600 5/266,OSF/1 V3.2c,21164-EB5,266.0,NA,290.0,79
010,Micron Pro Magnum+,WindowsNT4.0,Pentium P6,200.0,294.7,275.7,95
011,DEC 200 4/233,OSF/1 V3.2,DEC 21064A,233.0,189.3,245.8,73
012,DEC Alpha 250 4/266,OSF/1 V3.2c,NA,266.0,NA,226.2,81
013,Pentium P6-200,Solaris x86,Pentium P6,200.0,258.5,220.7,112
014,DEC 10000/610 AXP,OpenVMS V1.0,DEC 21064,200.0,194.9,214.8,6
015,SGI Indigo2,IRIX 6.2,MIPS R10000,195.0,223.8,214.4,107
016,Acorn RiscPC,RiscOS,ARM SA110,200.0,NA,204.1,88
017,DEC 7000/600 AXP,OSF/1 V1.3a,DEC 21064,200.0,195.5,203.3,33
018,SGI Indigo2,IRIX 6.2,MIPS R10000,195.0,221.1,202.9,107
019,Power Macintosh 7500,MacOS7.5.3R2,PPC 604,132.0,283.2,196.7,96
020,DEC Alpha 250 4/266,OSF/1 V3.2c,NA,266.0,NA,196.0,81
021,DEC 7000/610 AXP,OpenVMS V1.0,DEC 21064,182.0,177.3,195.6,6
022,DEC 3000/800 AXP,OSF/1 V1.3a,DEC 21064,200.0,192.9,189.7,33
023,DEC 4000/710 AXP,OSF/1 V1.3a,DEC 21064,190.0,188.7,189.7,33
024,HP 9000/735,HP-UX 9.03,PA-RISC7150,125.0,224.5,189.2,64
025,SGI Indigo2,IRIX 6.2,MIPS R10000,195.0,200.2,188.0,107
026,Sun Ultra 1,Solaris 2.5,UltraSPARC,167.0,189.7,179.0,80
027,Pentium P5-133,Windows 95,Pentium P5,133.0,NA,178.4,111
028,Sun Ultra 4000,Solaris2.5.1,UltraSPARC,167.0,194.6,173.9,113
029,DEC 4000/610 AXP,OpenVMS V1.0,DEC 21064,160.0,159.0,173.0,6
030,DEC 3000/600 AXP,OSF/1 V1.3a,DEC 21064,175.0,168.5,167.4,33
031,PowerMac 9500/120,System 7.5.2,PowerPC 604,125.0,NA,167.4,71
032,DEC 3000/500 AXP,OpenVMS V1.0,DEC 21064,150.0,146.7,160.1,6
033,Pentium P5-120,Windows 95,Pentium P5,120.0,NA,159.4,104
034,Sun Ultra 1,Solaris 2.5,UltraSPARC,143.0,162.2,153.0,80
035,HP 9000/735,HP-UX 9.01,PA-RISC7100,99.0,NA,146.5,52
036,HP 9000/735,HP-UX 9.01,PA-RISC7100,99.0,NA,143.0,46
037,DEC 3000/400 AXP,OpenVMS V1.0,DEC 21064,133.0,129.9,142.1,6
038,Pentium P5-100,Windows 95,Pentium P5,100.0,NA,138.1,100
039,HP 9000/712,HP-UX 9.03,PA-7100LC,100.0,NA,137.5,89
040,DEC 3000/500 AXP,OSF/1 T1.3-3,DEC 21064,150.0,211.0,137.1,25
041,Sun SPARCstation 20/HS21,Solaris 2.4,HyperSPARC,125.0,150.2,136.8,78
042,Mac PowerPC 604,MacOS 7.5.2,PowerPC 604,120.0,NA,136.6,74
043,DEC 3000/500 AXP,OSF/1 T1.3-3,DEC 21064,150.0,157.1,133.7,25
044,Escom,DOS,Pentium P5,100.0,172.5,132.6,110
045,Mac PowerPC 604,MacOS 7.5.2,PowerPC 604,120.0,137.1,129.8,83
046,DEC 2000/300 AXP,OSF/1 V1.3a,DEC 21064,150.0,140.9,129.4,33
047,IBM RS/6000 59H,AIX 3.2.5,POWER-RISC,66.0,140.3,128.4,67
048,Mac PowerPC 604,MacOS 7.5.2,PowerPC 604,120.0,NA,128.4,74
049,DEC 4000/710,OSF,DEC 21064,190.0,186.,126.,51
050,Gateway P5-90,DOS 6.2,Pentium,90.0,172.5,124.4,53
051,IBM RS/6000 590,AIX 3.2.5,Power2,NA,134.2,124.3,47
052,HP 9000/735,HP-UX 9.05,PA-RISC,125.0,NA,120.8,77
053,HP 9000/712,HP-UX 9.03,PA-RISC7100,80.0,152.4,119.9,64
054,HP 9000/735,HP-UX 9.05,PA-RISC,125.0,NA,119.8,77
055,HP 9000/735,HP-UX 9.01,PA-RISC7100,99.0,NA,116.6,32
056,HP 9000/715,HP-UX 9.05,PA-RISC7100,100.0,NA,116.2,66
057,HP 9000/715,HP-UX 9.03,PA-RISC7100,75.0,134.6,113.4,64
058,PowerMac 8100/80,System 7.1.2,PowerPC 601,80.0,157.7,113.3,56
059,Sun SPARCstation 20,Solaris 2.4,HyperSPARC,125.0,120.1,112.9,75
060,HP 9000/735,HP-UX 9.0,PA-RISC7100,99.0,122.7,110.5,5
061,HP 9000/735,HP-UX 9.01,PA-RISC7100,99.0,122.7,110.1,8
062,SGI Indigo2 Extreme,Irix 4.0.5H,R4000,100.0,NA,108.9,60
063,HP 9000/735,HP-UX 9.01,PA-RISC7100,99.0,118.1,106.6,8
064,Pentium P5-133,MS DOS 6.22,Pentium P5,133.0,NA,104.6,109
065,Pentium P5-75,SCOUNIX5.00a,Pentium P5,75.0,NA,102.9,98
066,Intel Pentium P5-66,UNIX SVR 4.2,Pentium,66.0,111.6,101.2,30
067,HP 9000/755,HP-UX 9.01,PA-RISC7100,99.0,112.0,99.2,55
068,Pentium P5-133,MS DOS 6.22,Pentium P5,133.0,NA,97.8,109
069,HP 9000/735,HP-UX 9.01,PA-RISC7100,99.0,106.2,97.1,8
070,Pentium P5-75,Windows 95,Pentium,75.0,NA,97.0,94
071,SGI Indigo2 Extreme,Irix 4.0.5H,R4000,100.0,NA,95.3,60
072,HP 9000/755,HP-UX 9.01,PA-RISC7100,99.0,108.4,95.2,55
073,HP 9000/735,HP-UX 9.0,PA-RISC7100,99.0,104.2,95.0,8
074,HP 9000/750,HP-UX 9.05,PA7000,66.0,110.7,94.2,61
075,Pentium P5-120,Windows 95,Pentium P5,120.0,NA,94.2,104
076,PowerMac 7100/66,System 7.1.2,PowerPC 601,66.0,129.6,93.1,56
077,Sun SPARCstation 20,Solaris 2.4,HyperSPARC,125.0,151.4,91.6,75
078,ALR Pentium P5-60,MS DOS 5.0,Pentium,60.0,112.9,91.4,29
079,Intel Pentium P5-60,UNIX SVR 4.2,Pentium,60.0,100.0,91.4,30
080,Dell XPS Pro 200n,NT 3.51,Pentium Pro,200.0,92.4,89.5,110
081,HP 9000/712,HP-UX 9.05,PA7100LC,60.0,118.6,88.7,61
082,HP 9000/715,HP-UX 9.05,PA-RISC,100.0,NA,88.6,76
083,Sun SPARCstation 5,Solaris 2.5,uSPARCII,110.0,96.6,88.4,86
084,HP 9000/715,HP-UX 9.05,NA,100.0,NA,87.6,66
085,HP 9000/715,HP-UX 9.05,PA-RISC,100.0,NA,86.6,76
086,IBM RS/6000 250,AIX 3.2.5,PowerPC 601,66.0,96.1,83.6,54
087,IBM RS/6000 250,AIX 3.2.5,PowerPC 601,66.0,96.1,82.8,54
088,Sun SPARCserver 20/612,Solaris 2.3,SuperSPARC,60.0,93.6,82.2,58
089,Pentium P5-100,Windows 95,Pentium P5,100.0,NA,79.7,100
090,Pentium P5-100,Windows 95,Pentium P5,100.0,NA,79.7,102
091,IBM RS/6000 340,AIX 3.2,Power Risc,33.0,NA,76.3,60
092,PC Compatible,LINUX 2.0.0,AMD K5,75.0,88.7,75.9,92
093,Gateway Pentium P5-90,LINUX 1.1.35,Pentium,90.0,80.6,75.9,59
094,Acer Power/M Ultima,FreeBSD 2.1,Pentium,100.0,78.6,71.3,91
095,HP 9000/712,HP-UX 9.05,PA-RISC,80.0,NA,70.7,77
096,DATEL Pentium P5-90,MS DOS 6.22,Pentium,90.0,73.0,70.0,62
097,ZEOS Pentium P5-90,MS DOS 6.22,Pentium,90.0,72.5,70.0,62
098,HP 9000/750,HP-UX 9.0,PA-RISC,66.0,76.1,69.6,5
099,SGI Indigo Elan,Irix 4.0.5H,R4000,100.0,78.8,69.2,43
100,SGI Crimson Elan,Irix 4.0.5,R4000,50.0,77.5,69.2,43
101,HP 9000/730,HP-UX 9.0,PA-RISC,66.0,76.1,69.2,5
102,HP 9000/712,HP-UX 9.05,PA-RISC,80.0,NA,69.2,77
103,Sun SPARCcenter 1000,Solaris 2.3,SuperSPARC,50.0,77.8,68.5,50
104,SGI Indigo2 Extreme,Irix 4.0.5H,R4000,100.0,76.8,67.4,43
105,Sun SPARCstation 10/51,SunOS 4.1.3,SuperSPARC,50.0,74.9,67.0,49
106,SGI Indy PC,Irix 5.1.1,R4000,100.0,65.1,67.0,43
107,HP 9000/730,HP-UX 8.07,PA-RISC,66.0,NA,65.2,3
108,IBM RS/6000 550,AIX 3.2.2,Power RISC,42.7,80.8,62.9,2
109,Sun SPARCstation 10/41,SunOS 4.1.3,SuperSPARC,40.0,63.7,58.3,26
110,Pentium P5-75,Windows 95,Pentium P5,75.0,NA,58.2,93
111,HP 9000/715,HP-UX 9.0,PA-RISC7100,50.0,62.3,55.2,5
112,Sun SPARCstation Voyager,Solaris 2.3,uSPARC II,60.0,61.5,54.8,50
113,IBM RS/6000 550,AIX 3.2.2,Power RISC,42.7,61.7,54.7,2
114,HP 9000/735,HP-UX 9.01,PA-RISC7100,99.0,53.3,53.4,8
115,Sun SPARCstation 10/41,Solaris 2.3,SuperSPARC,40.0,59.2,52.7,49
116,Sun SPARCstation 10/30,SunOS 4.1.3,SuperSPARC,36.0,58.0,52.7,26
117,HP 9000/720,HP-UX 9.0,PA-RISC,50.0,57.4,52.7,5
118,Sun SPARCstation 10/51,SunOS 4.1.3,SuperSPARC,50.0,55.2,52.6,49
119,HP 9000/710,HP-UX 9.0,PA-RISC,50.0,57.4,52.5,5
120,Intel 486DX2/66,UNIX SVR 4.2,80496DX2,66.0,54.0,51.6,30
121,Sun SPARCstation 2 (80),SunOS 4.1.2,Weitek,80.0,50.1,51.3,41
122,Sun SPARCstation 10/41,SunOS 4.1.3,SuperSPARC,40.0,64.7,51.2,26
123,HP 9000/715T,HP-UX 9.05,PA7100,33.0,60.3,50.5,61
124,HP 9000/705,HP-UX 9.05,PA7000,35.0,58.3,49.5,61
125,Pentium/60,Linux 2.0.0,Pentium,60.0,57.0,49.5,90
126,ALR Evolution V/1,OS/2 2.1,Pentium,60.0,52.3,49.0,38
127,Sharp PC-3060,NA,Cyrix 5x86,100.0,53.7,48.6,84
128,HP 9000/715,HP-UX 9.0,PA-RISC7100,50.0,NA,47.9,7
129,Sun SPARCstation 10/30,SunOS 4.1.3,SuperSPARC,36.0,58.7,46.5,26
130,486DX4/100,Windows 95,80486DX4,100.0,NA,46.4,100
131,Dell Dimension XPS P90,MS-DOS 6.2,Pentium,90.0,33.6,45.1,68
132,486DX4/100,Windows 95,80486DX4,100.0,NA,45.1,100
133,486DX4/100,Linux 1.2.10,80486DX4,100.0,47.2,44.1,82
134,Intel GX/Pro PC,NextStep 3.3,AMD 5x86,133.0,46.0,44.0,85
135,Sun SPARCstation 10/20,SunOS 4.1.2,SuperSPARC,33.,37.5,43.5,13
136,Sun SPARCstation 10/30,SunOS 4.1.3,SuperSPARC,36.0,56.2,42.8,17
137,IBM RS/6000 53H,AIX 3.2.5,RISC,33.,44.9,42.7,54
138,Sun SPARCstation 10/20,SunOS 4.1.2,SuperSPARC,33.,43.2,42.5,13
139,AMD 486DX4/100,Windows 95,AMD 486DX4,100.0,NA,42.1,100
140,Mac PowerPC 601,MacOS 7.5.1,PowerPC 601,60.0,NA,41.0,74
141,Sun SPARCstation 10/30,SunOS 4.1.3,SuperSPARC,36.0,54.6,40.9,17
142,Mac PowerPC 601,MacOS 7.5.1,PowerPC 601,60.0,NA,40.9,74
143,AT-bus PC,LINUX 1.1.81,80486DX4,99.0,42.3,40.8,65
144,AMD 486DX2/80,LINUX 1.2.0,80486DX2,80.0,41.1,39.3,72
145,Escom,DOS,80486DX2,66.7,46.3,39.0,110
146,Sun SPARCstation 10/30,SunOS 4.1.3,SuperSPARC,36.0,43.4,37.9,17
147,Sun SPARCstation LX,Solaris 2.2,SPARC,NA,45.7,37.7,26
148,ISA/VLB AT Clone,MS DOS 6.0,80486DX2,66.7,41.1,37.7,34
149,Sun SPARCstation 10/30,SunOS 4.1.3,SuperSPARC,36.0,39.3,37.4,21
150,HP 9000/705,HP-UX 9.0,PA-RISC7100,35.0,40.0,36.7,5
151,HP 9000/715,HP-UX 9.0,PA-RISC7100,33.0,41.4,36.3,5
152,Mac PowerPC 601,MacOS 7.5.1,PowerPC 601,60.0,NA,35.6,74
153,486DX2/72,LINUX0.99.15,80486DX2,72.0,38.3,35.4,48
154,Sun SPARCstation LX,Solaris 2.2,SPARC,NA,44.5,34.2,26
155,Intel 486DX/33,NA,80486DX,33.3,35.7,33.5,29
156,IBM RS/6000 530,AIX 3.1.5,Power RISC,25.0,37.3,32.3,10
157,IBM RS/6000 530,NA,Power RISC,25.0,37.1,32.2,5
158,Cornell EISA/ISA/VLB,LINUX 1.1.23,80486DX2,66.7,35.3,32.2,57
159,486DX2/66,MS DOS 6.2,80486DX2,66.7,36.9,31.4,108
160,LIJN 486DX2/66,LINUX0.99pl6,80486DX2,66.7,NA,31.3,22
161,Gateway 486DX2/66,LINUX 0.99,80486DX2,66.7,NA,30.9,3
162,Intel 486DX2/66,OS/2 2.1,80486DX2,66.7,32.9,30.2,35
163,DEC DECstation 5000/133,Ultrix 4.3,R3000,33.,31.6,29.0,12
164,IBM RS/6000 550,AIX 3.2.2,Power RISC,42.7,28.5,28.8,2
165,Sun SPARCstation 2 (40),SunOS 4.1.3,SPARC,40.0,32.1,28.7,42
166,AT Clone,MS DOS 5.0,80486DX,33.3,33.6,28.3,15
167,NA,4.3 BSD,R3000,33.,NA,28.3,37
168,Escom,DOS,Pentium P5,100.0,27.6,28.1,110
169,Sun SPARCstation 2 (50),SunOS 4.1.3,SPARC,50.0,38.5,27.5,42
170,SGI Indigo XZ,Irix 4.0.5H,R3000,33.,31.0,27.3,43
171,Sun SPARCstation 2 (40),SunOS 4.1.3,SPARC,40.0,31.0,27.3,26
172,Sun SPARCstation 2 (40),SunOS 4.1.3,SPARC,40.0,30.1,27.2,26
173,DEC DECstation 5000/133,Ultrix 4.3,R3000,33.,29.3,26.9,12
174,DEC DECstation 5000/133,Ultrix 4.3,R3000,33.,30.0,26.6,12
175,DEC DECstation 5000/133,Ultrix 4.3,R3000,33.,29.5,26.6,12
176,Intel 486DX/33,UNIX SVR 4.2,80486DX,33.3,27.6,26.3,30
177,IBM RS/6000 320,NA,Power RISC,20.0,29.5,25.8,5
178,Sun SPARCserver 690MP,SunOS 4.1.2,SPARC,40.0,27.9,25.2,2
179,AMI 486DX2/66 EISA,MS DOS 5.0,80486DX2,66.7,28.0,25.2,9
180,AMI 486DX2/66 EISA,MS DOS 5.0,80486DX2,66.7,27.5,25.2,9
181,AMI 486DX2/66 EISA,MS DOS 5.0,80486DX2,66.7,28.0,25.1,9
182,Sun SPARCstation 670,SunOS 4.1.3,SPARC,40.0,27.8,25.1,45
183,AT Clone,MS DOS 5.0,80486DX,33.3,28.3,25.0,15
184,AMI 486DX2/66 EISA,MS DOS 5.0,80486DX2,66.7,28.0,25.0,9
185,PT-SYS5K,Sun4.1.3B-T1,LSI SPARC,40.0,28.9,24.9,16
186,Interpro 2430,Sys V R3.1,NA,NA,NA,24.8,36
187,Insight 486DX/50 ISA,IBM OS/2 2.1,80486DX,50.0,25.7,24.0,28
188,486DX2/66,Windows 95,80486DX2,66.7,24.6,23.9,105
189,DEC DECstation 5000/133,Ultrix 4.3,R3000,33.,26.4,23.8,12
190,Insight 486DX/50 ISA,IBM OS/2 2.0,80486DX,50.0,25.3,23.7,18
191,Sun SPARCstation 2 (40),SunOS 4.1.2,SPARC,40.0,26.3,23.6,2
192,Self-Assembled PC,386BSD 0.1,80486DX,50.0,25.4,23.4,24
193,Hitachi EX/60,OSF/1 V1.0.0,Hitachi 370,NA,23.1,22.9,39
194,MIPS 3230,NA,R3000,25.0,24.5,22.2,5
195,DEC DECstation 5000/200,NA,R3000,25.0,24.2,22.1,5
196,Clone 486,Linux 1.2.5,CX486SLC,66.0,23.5,22.1,69
197,Amiga 2000/FusionForty,AmigaDOS 2.1,68040,28.0,23.3,21.6,23
198,Sun SPARCserver 690MP,SunOS 4.1.2,SPARC,40.0,23.7,21.3,2
199,Sun SPARCstation 2 (40),SunOS 4.1.3,SPARC,40.0,19.8,21.3,42
200,Sun SPARCserver 690MP,SunOS 4.1.2,SPARC,40.0,21.1,20.9,2
201,Sun SPARCstation 2 (40),NA,SPARC,40.0,28.5,20.3,5
202,Sun SPARCstation 670,SunOS 4.1.3,SPARC,40.0,21.7,20.1,45
203,Amiga 2000/FusionForty,AmigaOS 2.1,68040,33.3,23.3,19.5,20
204,Apple NeXTstation Turbo,NeXTSTEP 3.0,68040,33.3,20.0,19.5,11
205,80486DX/33,SCO UNIX 3.2,80486DX,33.3,NA,19.3,60
206,Interpro 2430,Sys V R3.1,NA,NA,NA,19.2,36
207,DEC DECstation 5000/133,Ultrix 4.3,R3000,33.,19.5,19.0,12
208,Apple NeXTstation/33 Turbo,NeXTSTEP 3.0,68040,33.3,20.0,18.9,11
209,Amiga 4000/25,AmigaOS,68040,25.0,22.2,18.7,4
210,CLUB Falcon 433 ISA,MS DOS 5.0,80486DX,33.3,20.4,18.6,9
211,CLUB Falcon 433 ISA,MS DOS 5.0,80486DX,33.3,20.3,18.6,9
212,LAN Technologies,ESIX 4.0.3A,80486DX,33.3,20.2,18.6,14
213,CLUB Falcon 433 ISA,MS DOS 5.0,80486DX,33.3,20.2,18.6,9
214,Acorn RiscPC,NA,ARM610,30.0,NA,18.4,87
215,LAN Technologies,ESIX 4.0.3A,80486DX,33.3,20.4,18.1,14
216,LAN Technologies,ESIX 4.0.3A,80486DX,33.3,20.1,18.1,14
217,Vega 486DX/33,MS DOS 5.0,80486DX,33.3,19.8,18.1,2
218,Vega 486DX/33,MS DOS 5.0,80486DX,33.3,19.7,18.1,2
219,LAN Technologies,ESIX 4.0.3A,80486DX,33.3,20.1,18.0,14
220,Vega 486DX/33,MS DOS 5.0,80486DX,33.3,19.4,17.9,45
221,LAN Technologies,ESIX 4.0.3A,80486DX,33.3,20.3,17.8,14
222,Vega 486DX/33,MS DOS 5.0,80486DX,33.3,19.6,17.6,45
223,OPUS 5120 SPARC 1+,SunOS 4.1.2,SPARC 7,25.0,19.3,17.4,40
224,AMI 486DX2/66 EISA,MS DOS 5.0,80486DX2,66.7,20.6,17.3,9
225,AMI 486DX2/66 EISA,MS DOS 5.0,80486DX2,66.7,18.8,16.9,9
226,AMI 486DX/33 ISA,LINUX0.99p17,80486DX,33.3,18.4,16.9,19
227,Sun SPARCstation 1+,SunOS 4.1.3,SPARC,25.0,18.6,16.8,31
228,Vega 486DX/33,MS DOS 5.0,80486DX,33.3,18.2,16.8,2
229,Vega 486DX/33,MS DOS 5.0,80486DX,33.3,18.4,16.7,2
230,Vega 486DX/33,MS DOS 5.0,80486DX,33.3,17.9,16.3,2
231,Vega 486DX/33,MS DOS 5.0,80486DX,33.3,17.9,16.3,2
232,Vega 486DX/33,MS DOS 5.0,80486DX,33.3,17.8,16.3,2
233,SGI Personal Iris 25G,Irix 4.0.5H,R3000,20.0,17.4,15.6,43
234,OPUS 5120 SPARC 1+,SunOS 4.1.2,SPARC 7,25.0,16.0,14.3,40
235,OPUS 5120 SPARC 1+,SunOS 4.1.2,SPARC 7,25.0,15.9,14.2,40
236,OPUS 5120 SPARC 1+,SunOS 4.1.2,SPARC 7,25.0,15.8,14.2,40
237,Clone 386,DOS,AM80386DX,40.0,17.5,13.8,110
238,LAN Technologies,ESIX 4.0.3A,80486DX,33.3,14.0,13.8,14
239,LAN Technologies,ESIX 4.0.3A,80486DX,33.3,13.9,13.8,14
240,DEC DECstation 3100,NA,R3000,16.7,14.9,13.4,5
241,Acorn A5000,RiscOS,ARM 3,33.0,14.7,13.8,106
242,Sun SPARCstation 1+,SunOS 4.1.2,SPARC,25.0,14.7,13.2,2
243,Amdahl 580,UTS 5.0 R1.2,NA,NA,13.1,NA,0
244,Sun IPC,NA,SPARC,25.0,17.6,13.0,5
245,Escom,DOS,80486DX2,66.7,12.9,13.0,110
246,CLUB Falcon 433 ISA,MS DOS 5.0,80486DX,33.3,13.5,12.2,9
247,Sun SPARCstation 1+,SunOS 4.1.2,SPARC,25.0,11.8,12.1,2
248,CLUB Falcon 433 ISA,MS DOS 5.0,80486DX,33.3,12.2,11.9,9
249,Vega 486DX/33,MS DOS 5.0,80486DX,33.3,12.6,11.8,2
250,Vega 486DX/33,MS DOS 5.0,80486DX,33.3,12.1,11.7,2
251,80386 ,SCO UNIX 3.2,80386,40.0,NA,11.5,60
252,Vega 486DX/33,MS DOS 5.0,80486DX,33.3,12.3,11.3,2
253,Vega 486DX/33,MS DOS 5.0,80486DX,33.3,11.6,11.2,2
254,Sun 4/280,SunOS 4.1.2,MB86900,16.7,12.5,10.5,17
255,Sun SPARCserver 690MP,SunOS 4.1.2,SPARC,40.0,13.1,10.4,2
256,80386/40,Linux 2.0.0,80386,40.0,10.7,10.1,90
257,Sun SPARCstation 2 (40),SunOS 4.1.2,SPARC,40.0,12.6,9.8,2
258,DEC VAX 8650,4.3 BSD,NA,18.0,6.3,6.2,2
259,Sun SPARCstation 1+,SunOS 4.1.2,SPARC,25.0,7.0,5.9,2
260,DEC VAX 8650,4.3 BSD,NA,18.0,5.4,5.4,2
261,DEC VAX 8650,4.3 BSD,NA,18.0,5.0,5.0,2
262,Sony NWS-1750,NA,68030,25.0,4.8,4.6,27
263,Amiga 2000/G-Force,NetBSD 0.9a,68030,25.0,5.0,4.4,44
264,Clone 386,DOS,AM80386DX,40.0,4.3,4.3,110
265,DEC VAX 8600,VMS,NA,NA,4.1,NA,0
266,Amiga 2000/CSA-MMR,AmigaOS 1.3,68030,33.3,3.4,3.6,2
267,Amiga 2000/CSA-MMR,AmigaOS 1.3,68030,33.3,3.3,3.4,2
268,Amiga 2000/CSA-MMR,AmigaOS 1.3,68030,33.3,3.0,3.1,2
269,MASSCOMP 5600/5700,RTU V3.0,68020,16.7,2.7,NA,0
270,Gould PN9080,UTX-32 1.1c,NA,NA,2.6,NA,0
271,Atari Mega ST 4,MiNT/TOS1.04,68030,25.0,2.2,2.6,40
272,Atari Mega ST 4,MiNT/TOS1.04,68030,25.0,2.2,2.6,40
273,Sun 3/160C,Sun 3.0,68020,16.7,2.4,NA,0
274,MASSCOMP 5400,RTU V3.0,68020,16.7,2.3,NA,0
275,Sun 3/180,Sun 4.2,68020,16.7,2.2,NA,0
276,Sun 3/75,Sun 4.2 V3,68020,16.7,2.0,NA,0
277,Pyramid 90x,OSx 2.5,NA,NA,1.8,NA,0
278,Pyramid 90x,OSx 2.3,NA,NA,1.3,NA,0
279,DEC VAX 11/785,VMS,NA,NA,1.2,NA,0
280,DEC VAX 11/785,UNIX 5.2,NA,NA,1.2,NA,0
281,Gould PN6005,UNIX 4.2 BSD,NA,NA,1.1,NA,0
282,DEC VAX 11/785,UNIX 4.2 BSD,NA,NA,1.03,NA,1
283,HP 9000/500,HP-UX 4.02,B seriesCPU,NA,0.98,NA,0
284,ATT 3B20,UNIX 5.2,NA,NA,0.98,NA,0
285,DEC VAX 11/780,UNIX 5.0.1,NA,5.0,0.93,NA,1
286,DEC MicroVAX II,NA,NA,NA,0.92,NA,0
287,DEC VAX 11/780,UNIX 5.2,NA,5.0,0.89,NA,0
288,Cyber DataMate,Uniplus 5.0,68010,12.5,0.89,NA,0
289,ATT PC6300+,MSDOS 3.1,80286,6.0,0.81,NA,0
290,ATT 3B2/400,UNIX 5.2,WE32100,NA,0.75,NA,0
291,Sun 2/120,Standalone,68010,10.0,0.75,NA,0
292,IBM PC/AT,VENIX/86 2.1,80286,7.5,0.75,NA,0
293,IBM PC/AT,PCDOS 3.1,80286,6.0,0.71,NA,0
294,PDP 11/70,UNIX 5.2,NA,NA,0.71,NA,0
295,Cyber DataMate,Uniplus 5.0,68010,12.5,0.71,NA,0
296,MASSCOMP 500,RTU V3.0,68010,10.0,0.70,NA,0
297,IBM PC/AT,PCDOS 3.0,80286,6.0,0.69,NA,0
298,Sun 2/120,Sun 4.2 BSD,68010,10.0,0.69,NA,0
299,ATT PC6300+,MSDOS 3.1,80286,6.0,0.69,NA,0
300,ATT PC7300,UNIX 5.2,68010,10.0,0.63,NA,0
301,DEC VAX 11/750,VMS,NA,NA,0.62,NA,0
302,IBM PC/AT,PCDOS 3.0,80286,6.0,0.62,NA,0
303,IBM PC/AT,PCDOS 3.0,80286,6.0,0.61,NA,0
304,IBM PC/AT,VENIX/86 2.1,80286,6.0,0.57,NA,0
305,IRIS-1400,UNIX SYS V,68010,10.0,0.57,NA,0
306,Amiga 1000,AmigaDOS,68000,7.16,0.54,NA,1
307,Macintosh,Mac Rom,68000,7.8,0.52,NA,0
308,Fast Mac,NA,68000,7.7,0.51,NA,0
309,DEC VAX 11/750,UNIX 4.2 BSD,NA,NA,0.50,NA,0
310,IBM PC/AT,PCDOS 3.0,80286,6.0,0.48,NA,0
311,ATT 3B2/300,UNIX 5.0.2,WE32000,NA,0.46,NA,0
312,ATT PC6300,MSDOS 2.11,8086,8.0,0.44,NA,0
313,NEC PC9801F,PCDOS 2.11,8086,8.0,0.44,NA,0
314,Macintosh,NA,68000,7.7,0.40,NA,0
315,Macintosh,Mac Rom,68000,7.8,0.40,NA,0
316,IBM PC/AT,PCDOS 3.0,80286,6.0,0.39,NA,0
317,ATT PC6300,MSDOS 2.11,8086,8.0,0.39,NA,0
318,Onyx C8002,IS/1 1.1(V7),Z8000,4.0,0.29,NA,0
319,PDP 11/34,UNIX V7M,NA,NA,0.25,NA,0
320,IBM PC/XT,PCDOS 2.1,8088,4.77,0.23,NA,0
321,IBM PC,MSDOS 2.0,8088,4.77,0.22,NA,0
322,IBM PC,MSDOS 2.0,8088,4.77,0.19,NA,0
323,IBM PC/XT,VENIX/86 2.0,8088,4.77,0.18,NA,0
324,Cosmos,UniSoft,68000,8.0,0.18,NA,0
325,IBM PC/XT,PC/IX,8088,4.77,0.16,NA,0
326,Cromemco Z2,Cromix 11.26,Z80,4.0,0.052,NA,1
327,Apple IIe,DOS 3.3,65C02,1.02,0.021,NA,1
328,Commodore 64,C64 ROM,6510,1.0,0.0205,NA,1
