System,CPU-Precision,Clock-MHz,MWIPS,MFLOPS,MIPS-VAX,MWIPS-DP,Lang,Opt,Cost-$K,Year-intro
Alliant FX80-1,Scalar,5.9,7.71,2.02,4.53,7.34,For,Opt,150,1985
Alliant FX80-1,Scalar,5.9,14.9,4.18,6.36,13.9,For,IL,150,1985
Alliant FX80-1,Vector,5.9,18.1,5.92,19.3,NA,For,IL,150,1985
Alliant FX80-2,Vector,5.9,29.5,7.90,25.6,NA,For,IL,NA,1985
Alliant FX80-4,Vector,5.9,54.6,15.0,46.1,NA,For,IL,NA,1985
Alliant FX80-8,Vector,5.9,92.4,26.6,73.5,NA,For,IL,653,1985
Alliant FX80-8,90% Vector,5.9,60.8,17.3,35.8,NA,For,IL,653,1985
Alliant VFX-4,Scalar,NA,4.89,1.04,3.84,3.98,For,Opt,NA,1988
Alliant VFX-4,Vector,NA,33.1,9.93,38.3,3.98,For,Opt,NA,1988
Alliant VFX-4,90% Vector,NA,21.0,5.35,20.2,3.98,For,Opt,NA,1988
Amdahl 470/V6,P1,NA,4.64,NA,NA,3.31,For,Op2,4200,1975
Amdahl 470/V6-II,P1,NA,5.05,NA,NA,3.58,For,Op2,NA,1976
Amdahl 470/V7,P1,34.5,0.20,NA,NA,0.20,Bas,NA,1700,1977
Amdahl 470/V7,P1,34.5,1.85,NA,NA,1.75,Alg,Op1,1700,1977
Amdahl 470/V7,P1,34.5,3.70,NA,NA,3.00,PL1,Op2,1700,1977
Amdahl 470/V7,P1,34.5,5.00,NA,NA,3.65,For,Op0,1700,1977
Amdahl 470/V7,P1,34.5,6.23,NA,NA,4.41,For,Op3,1700,1977
Amdahl 470/V7,P1,34.5,3.70,NA,NA,3.70,Pas,DP,1700,1977
Amdahl 470/V8,P1,38.5,7.37,NA,NA,5.08,For,Op3,1900,1980
Amdahl 5840,P1,42.9,6.28,NA,NA,4.85,For,Op3,2300,1983
Amdahl 5850,P1,42.9,7.96,NA,NA,6.07,For,Op3,2700,1983
Amdahl 5860,P1,42.9,9.91,NA,NA,7.45,For,Op3,3100,1982
Amdahl 5860+FPU,P1,42.9,12.7,NA,NA,10.5,For,Op3,NA,1982
Amdahl 5890-190,P1,66.7,29.4,8.56,24.4,24.8,For,Op3,2600,1987
Amdahl 5990-350,P1,100,36.3,NA,NA,34.0,For,NA,3800,1988
Amdahl VP,P1 Scalar,143,21.7,7.48,19.0,20.5,For,Opt,NA,1984
Amdahl 500 VP,Vector,143,250,103,221,NA,For,Opt,4900,1984
Amdahl 500 VP,90% Vector,143,122,45.2,107,NA,For,Opt,4900,1984
Amdahl 1100 VP,Vector,143,374,146,345,NA,For,Opt,6200,1984
Amdahl 1100 VP,90% Vector,143,143,51.2,127,NA,For,Opt,6200,1984
Amdahl 1200 VP,Vector,143,581,264,623,NA,For,Opt,8100,1984
Amdahl 1200 VP,90% Vector,143,162,59.6,149,NA,For,Opt,8100,1984
Acorn BBC B,6502,NA,0.0031,NA,NA,NA,BasI,NA,0.75,1982
Apple Apple II,6502,NA,0.0011,NA,NA,NA,BasI,NA,1,1976
Apple Apple II,6502,NA,0.0027,NA,NA,NA,Bas,NA,1,1976
Burroughs B1726,P2,NA,0.029,NA,NA,0.0057,For,NA,NA,1975
Burroughs B4700,P2,NA,0.096,NA,NA,0.0064,For,NA,NA,1974
Burroughs B5500,P3,NA,0.064,NA,NA,0.021,For,NA,NA,1964
Burroughs B6714 1.2us,P3,NA,0.327,NA,NA,0.140,For,Op1,NA,1971
Burroughs B7750,P3,NA,0.612,NA,NA,NA,PL1,OP3,NA,1976
Burroughs B7750,P3,NA,0.729,NA,NA,0.270,For,Op0,NA,1976
Burroughs B7750,P3,NA,0.804,NA,NA,0.282,For,Op1,NA,1976
Burroughs B7750,P3,NA,0.870,NA,NA,NA,Alg,NA,NA,1976
CA LSI-2/20,P7,NA,0.0154,NA,NA,0.0047,For,NA,NA,1974
CCI Power 6/32,NA,10,7.60,NA,NA,2.10,For,NA,110,1985
CDC 6600 (Cyber74),P4,10,0.247,NA,NA,NA,Sim,NA,3900,1964
CDC 6600 (Cyber74),P4,10,1.96,NA,NA,NA,For,Op1,3900,1964
CDC 6600 (Cyber74),P4,10,2.09,NA,NA,0.795,For,Op2,3900,1964
CDC 6400 (Cyber73),P4,10,0.641,NA,NA,0.177,For,Op2,2500,1964
CDC 7600,P4,36.4,2.25,NA,NA,NA,Alg,Op5,5000,1969
CDC 7600,P4,36.4,8.68,NA,NA,NA,For,Op1,5000,1969
CDC 7600,P4,36.4,8.83,NA,NA,3.75,For,Op2,5000,1969
CDC 7600,P4,36.4,9.63,NA,NA,4.60,For,later,5000,1969
CDC 7600,P4,36.4,10.3,NA,NA,4.88,For,later,5000,1969
CDC Cyber 72,P4,NA,0.558,NA,NA,0.167,For,Op2,NA,1975
CDC Cyber 171,P4,NA,0.641,NA,NA,NA,For,Op2,NA,1977
CDC Cyber 172,P4,NA,0.800,NA,NA,NA,For,Op2,NA,1973
CDC Cyber 173,P4,NA,0.0096,NA,NA,NA,Apl,NA,NA,1973
CDC Cyber 173,P4,NA,0.277,NA,NA,NA,Alg,NA,NA,1973
CDC Cyber 173,P4,NA,0.708,NA,NA,NA,Cor,NA,NA,1973
CDC Cyber 173,P4,NA,0.732,NA,NA,NA,Pas,NA,NA,1973
CDC Cyber 173,P4,NA,0.778,NA,NA,0.309,For,NA,NA,1973
CDC Cyber 173,P4,NA,0.845,NA,NA,NA,Alg,later,NA,1973
CDC Cyber 173,P4,NA,1.05,NA,NA,0.366,For,Op2,NA,1973
CDC Cyber 174 1 cp,P4,NA,1.03,NA,NA,NA,For,Op2,NA,1973
CDC Cyber 175,P4,NA,4.96,NA,NA,2.46,For,Op2,NA,1973
CDC Cyber 170-720,P4,NA,0.580,NA,NA,0.240,For,Op2,750,1979
CDC Cyber 170-720,P4,NA,0.880,NA,NA,0.290,For,Op2,750,1979
CDC Cyber 170-730,P4,NA,1.09,NA,NA,0.410,For,Op2,NA,1979
CDC Cyber 170-740,P4,NA,2.82,NA,NA,1.17,For,Op2,NA,1979
CDC Cyber 170-750,P4,NA,4.98,NA,NA,2.69,For,Op2,NA,1979
CDC Cyber 170-760,P4,40,4.67,NA,NA,NA,Alg,NA,NA,1979
CDC Cyber 170-760,P4,40,7.11,NA,NA,3.73,For,Op2,NA,1979
CDC Star 100,P4,NA,0.912,NA,NA,0.611,For,NA,NA,1974
CDC Cyber 203,P4 Scalar,NA,12.0,NA,NA,2.51,For,Op0,NA,1979
CDC Cyber 205,P4 Scalar,50,11.9,4.89,13.2,3.08,For,NA,6000,1981
CDC Cyber 205 2pipe,Vector,50,161,57.4,186,NA,For,NA,6000,1981
CDC Cyber 205 2pipe,90% Vector,50,71.5,27.7,80.6,NA,For,NA,6000,1981
CDC Cyber 930-11,P4,11.8,1.52,0.51,2.00,0.68,For,Op2,70,1987
CDC Cyber 960,P4,89,6.26,1.85,8.01,2.49,For,Op2,700,1988
CDC 4340,R3000,25,15.6,5.33,17.0,12.3,For,Op3,42,1990
CDC 4680,R6000,66,39.0,NA,NA,32.0,For,NA,150,1990
CDC ETA 10E,P4 Scalar,95.2,15.7,6.47,16.7,NA,For,NA,5500,1987
CDC ETA 10E,Vector,95.2,335,124,380,NA,For,NA,5500,1987
CDC ETA 10E,90% Vector,95.2,110,44.0,120,NA,For,NA,5500,1987
CDC ETA 10E 32 bit,Vector,95.2,378,218,379,NA,For,NA,5500,1987
CDC ETA 10E 32 bit,90% Vector,95.2,114,51.1,120,NA,For,NA,5500,1987
CDC System 17 sfp,P11,NA,0.017,NA,NA,0.0075,For,NA,NA,1966
CIL System 90 sfp,P11,NA,0.021,NA,NA,0.015,For,NA,NA,NA
Compaq 80486/DX4,P14,100,12.3,4.10,25.4,NA,C,Opt,NA,1994
Compaq Pentium Pro,P14,200,144,53.8,641,NA,C,Opt,NA,1997
CTL Mod 1,P5,NA,0.041,NA,NA,0.022,For,NA,12,1968
Convex C-1,Scalar,10,6.19,1.89,6.34,4.63,For,Op2,495,1984
Convex C-1,Vector,10,37.8,13.8,25.9,NA,For,Op2,495,1984
Convex C-1,90% Vector,10,25.0,8.47,19.8,NA,For,Op2,495,1984
Convex C120,Scalar,10,6.47,NA,NA,4.83,For,Op2,275,1984
Convex C120,Vector,10,39.5,NA,NA,NA,For,Op2,275,1984
Convex C210/220,Scalar,25,17.0,4.59,16.7,12.5,For,Op2,NA,1987
Convex C210 1 cpu,Vector,25,93.6,24.7,80.4,NA,For,Op2,635,1987
Convex C210 1 cpu,90% Vector,25,64.5,17.2,58.2,NA,For,Op2,635,1987
Convex C220 2 cpu,Vector,25,162,44.1,141,NA,For,Op3,870,1987
Convex C220 2 cpu,90% Vector,25,87.4,23.7,80.8,NA,For,Op3,870,1987
Convex C220 2 cpu,Vector,25,180,54.7,143,NA,For,IL,870,1987
Concurrent 6/16 swfp,P1,NA,0.0029,NA,NA,0.0006,For,NA,NA,NA
Concurrent 7/16 hwfp,P1,NA,0.085,NA,NA,NA,For,NA,NA,1973
Concurrent 8/16 hwfp,P1,NA,0.128,NA,NA,0.101,For,NA,NA,1976
Concurrent 7/32 hwfp,P1,NA,0.167,NA,NA,0.133,For,NA,NA,1974
Concurrent 8/32 hwfp,P1,NA,0.571,NA,NA,0.339,For,No,45,1975
Concurrent 3210 P1,4,0.538,NA,NA,0.430,For,NA,42,NA
Concurrent 3220,P1,NA,0.536,NA,NA,0.432,For,Opt,NA,NA
Concurrent 3252,P1,3.8,2.77,NA,NA,1.56,For,Op2,171,1985
Cray Cray 1A,P4 Scalar,80,12.4,NA,NA,1.30,For,NA,7000,1978
Cray Cray 1A,P4 Scalar,80,16.2,NA,NA,1.30,For,later,7000,1978
Cray Cray 1S,P4 Scalar,80,16.1,NA,NA,NA,For,NA,NA,1980
Cray Cray 1S,Vector,80,98.0,NA,NA,NA,For,NA,NA,1980
Cray X-MP1,P4 Scalar,118,30.3,11.0,34.7,2.70,For,NA,5000,1982
Cray X-MP1,Vector,118,313,151,175,NA,For,NA,5000,1982
Cray X-MP1,90% Vector,118,162,66.4,125,NA,For,NA,5000,1982
Cray Y-MP1,P4 Scalar,154,31.0,12.0,32.6,2.8,For,NA,5000,1987
Cray Y-MP1,Vector,154,449,195,314,NA,For,NA,5000,1987
Cray Y-MP1,90% Vector,154,191,77.2,169,NA,For,NA,5000,1987
Cray Cray 2/1,P4 Scalar,244,25.8,NA,NA,2.0,For,NA,NA,1984
Cray Cray 2/1,Vector,244,425,NA,NA,NA,For,NA,NA,1984
DEC 10 KA,P6,NA,0.194,NA,NA,0.056,For,NA,NA,1967
DEC 10 KI,P6,NA,0.500,NA,NA,0.250,For,NA,NA,1972
DEC 10 KL,P6,NA,1.22,NA,NA,0.638,For,Opt,NA,1976
DEC 1090,P6,NA,0.388,NA,NA,0.347,Alg,NA,496,1971
DEC 1090,P6,7.5,1.20,NA,NA,0.632,For,NA,496,1971
DEC 2020,P6,NA,0.264,NA,NA,0.102,For,NA,NA,1976
DEC 2040B,P6,NA,0.536,NA,NA,0.314,For,NA,NA,1976
DEC 2050B,P6,NA,0.465,NA,NA,0.417,Alg,NA,NA,1976
DEC 2050B,P6,NA,1.45,NA,NA,0.760,For,NA,NA,1976
DEC PDP-8I,P7,NA,0.0029,NA,NA,NA,For,NA,NA,1968
DEC PDP-8E EAE,P7,NA,0.0051,NA,NA,NA,For,NA,NA,1970
DEC PDP-11/03,P7,NA,0.0027,NA,NA,NA,Bas,NA,NA,1975
DEC PDP-11/03,P7,NA,0.0267,NA,NA,0.0029,For,NA,NA,1975
DEC PDP-11/10,P7,NA,0.0129,NA,NA,0.0032,For,NA,NA,1970
DEC PDP-11/20 EAE,P7,NA,0.0188,NA,NA,0.0054,For,NA,9,1970
DEC PDP-11/34 FP,P7,NA,0.204,NA,NA,0.157,For,NA,45,1976
DEC PDP-11/34 NoF,P7,NA,0.0057,NA,NA,NA,Bas,NA,NA,1976
DEC PDP-11/34 NoF,P7,NA,0.029,NA,NA,0.0069,For,NA,NA,1976
DEC PDP-11/40 EF,P7,NA,0.0655,NA,NA,0.0073,For,NA,NA,1973
DEC PDP-11/45 FPP,P7,NA,0.189,NA,NA,0.075,For,NA,15,1972
DEC PDP-11/55 FP,P7,NA,0.714,NA,NA,0.552,For,NA,61,1977
DEC PDP-11/60 FPP,P7,NA,0.118,NA,NA,0.039,For,NA,NA,1977
DEC PDP-11/60 FP,P7,NA,0.591,NA,NA,0.435,For,NA,NA,1977
DEC PDP-11/70 FP,P7,NA,0.532,NA,NA,0.415,For,NA,77,1975
DEC PDP-12 FPP,P7,NA,0.0345,NA,NA,NA,For,NA,NA,1969
DEC VAX 11/780 FPA,P8,5,0.494,NA,NA,NA,Pas,NA,145,1977
DEC VAX 11/780 FPA,P8,5,1.18,NA,NA,0.760,For,Opt,145,1977
DEC VAX 11/780 FPA,P8,5,1.02,0.25,1.00,NA,For,No,145,1977
DEC VAX 11/780 NoF,P8,5,0.740,NA,NA,0.253,For,Opt,145,1977
DEC VAX 11/730,P8,1.23,0.254,NA,NA,0.156,For,Opt,21,1982
DEC VAX 11/750,P8,NA,0.680,0.20,0.63,0.510,For,Opt,47,1980
DEC VAX 11/785,P8,7.41,1.65,0.46,1.73,1.07,For,Opt,195,1984
DEC MicroVAX I,P8,1.23,0.248,NA,NA,0.108,For,Opt,14,1983
DEC MicroVAX II,P8,NA,0.925,NA,NA,0.681,For,Opt,20,1985
DEC MicroVAX 2000,P8,NA,0.800,0.18,0.97,0.560,For,Opt,15,1987
DEC VAXStn 3100,P8 CVAX,11,2.63,0.67,3.03,1.74,For,Opt,8,1989
DEC MicroVAX 3100,P8 CVAX,11,2.85,NA,NA,1.76,For,Opt,9,1989
DEC MicroVAX 3400,P8 CVAX,10,2.25,0.60,2.70,1.50,For,Opt,46,1989
DEC MicroVAX 3600,P8 CVAX,11,2.73,0.70,3.11,1.71,For,Opt,100,1987
DEC MicroVAX 3900,P8 CVAX,16.7,4.42,NA,NA,2.87,For,Opt,120,1989
DEC VAX 6310,P8,16.7,3.73,0.91,4.09,2.57,For,Opt,155,1988
DEC VAX 6410,P8,36,8.32,2.15,9.41,5.88,For,Opt,205,1989
DEC VAX 8250,P8,NA,1.31,0.35,1.51,0.890,For,Opt,90,1987
DEC VAX 8350 1 cp,P8,NA,1.34,0.36,1.53,0.770,For,Opt,124,1987
DEC VAX 8550,P8,22.2,5.75,1.50,6.91,3.89,For,Opt,364,1986
DEC VAX 8600 FPA,P8,12.5,4.15,1.33,4.21,2.54,For,Opt,350,1985
DEC VAX 8600 FPA,P8,12.5,3.89,1.06,3.71,2.43,For,No,350,1985
DEC VAX 8600 FPA,P8,12.5,2.09,NA,NA,NA,Bas,NA,350,1985
DEC VAX 8600 FPA,P8,12.5,3.79,NA,NA,2.57,Pas,NA,350,1985
DEC VAX 8600 FPA,P8,12.5,4.17,NA,NA,2.55,PL1,NA,350,1985
DEC VAX 8650,P8,22.2,6.15,1.97,5.92,4.01,For,Opt,400,1985
DEC VAX 8650,P8,22.2,5.77,1.44,5.27,3.87,For,No,400,1985
DEC VAX 8700,P8,22.2,5.99,1.50,6.96,3.73,For,Opt,433,1986
DEC VAX 8700,P8,22.2,4.98,1.16,5.81,3.41,For,No,433,1986
DEC VAX 4000-300,P8,35.7,8.93,NA,NA,6.25,For,Opt,75,1990
DEC DECstation 3100,R2000,16.7,13.0,NA,NA,10.3,For,xxx,22,1988
DEC DECstation 5400,R3000,20.0,17.2,NA,NA,NA,For,xxx,49,1989
DEC PC AXP 150,A21064,150,92,NA,NA,92,For,xxx,6.8,1993
DEC 2000/300,A21064,150,122,NA,NA,109,For,xxx,13,1993
DEC 2100/500,A21064,190,89.0,NA,NA,75.0,For,xxx,NA,1993
DEC 3000/400,A21064,133,47.0,NA,NA,43.5,For,xxx,17.5,1993
DEC 3000/400,A21064,133,99.0,NA,NA,82.0,For,xxx,17.5,1993
DEC 3000/600,A21064,175,144,NA,NA,129,For,xxx,20,1993
DEC 3000/600,A21064,175,140,NA,NA,121,For,xxx,20,1993
DEC 3000/800,A21064,200,155,NA,NA,129,For,xxx,36,1993
DEC 4000/710,A21064,190,156,NA,NA,140,For,xxx,62,1993
DEC 4000/710,A21064,190,150,NA,NA,130,For,xxx,62,1993
DEC 3000/800,A21064,200,165,NA,NA,148,For,xxx,36,1993
DEC 7000/610,A21064,200,165,NA,NA,147,For,xxx,168,1993
DEC 1000/4/200,A21064,200,189,NA,NA,178,For,xxx,NA,1994
DEC 2000/4/200,A21064,190,156,NA,NA,140,For,xxx,NA,1994
DEC ASTN 200/4/166,A21064A,166,154,NA,NA,136,For,xxx,NA,1995
DEC 3000/700,A21064A,225,250,NA,NA,200,For,xxx,NA,1994
DEC 3000/700,A21064A,225,214,NA,NA,197,For,xxx,NA,1994
DEC ASTN 255/233,A21064A,233,217,NA,NA,239,For,xxx,6.6,1996
DEC 2000/4/233,A21064A,233,256,NA,NA,226,For,xxx,29,1995
DEC 400/4/233,A21064A,233,268,NA,NA,249,For,xxx,NA,1996
DEC 1000/4/266,A21064A,266,303,NA,NA,282,For,xxx,16,1995
DEC 2000/4/275,A21064A,275,259,NA,NA,240,For,xxx,46,1995
DEC 3000/900,A21064A,275,333,NA,NA,250,For,xxx,NA,1994
DEC 3000/900,A21064A,275,249,NA,NA,227,For,xxx,NA,1994
DEC 7000/710,A21064A,275,258,NA,NA,227,For,xxx,NA,1994
DEC ASTN 255/300,A21064A,300,279,NA,NA,NA,For,xxx,12.4,1996
DEC 2000/5/250,A21164,250,434,NA,NA,391,For,xxx,29,1996
DEC ASTN 500/266,A21164,266,351,NA,NA,453,For,xxx,18,1996
DEC ASTN 600/5/266,A21164,266,351,NA,NA,434,For,xxx,20,1995
DEC 2100/5/300,A21164,300,531,NA,NA,497,For,xxx,39,1996
DEC 8200/5/300,A21164,300,528,NA,NA,476,For,xxx,100,1996
DEC ASTN 500/333,A21164,333,436,NA,NA,569,For,xxx,23,1996
DEC ASTN 600/5/333,A21164,333,477,NA,NA,569,For,xxx,36,1996
DEC 4000/5/400,A21164,400,685,NA,NA,685,For,xxx,NA,1996
DEC AlphaPC,A21164,533,540,146,2179,NA,C++,Opt,NA,NA
Data General Nova 3/12,P1,NA,0.0026,NA,NA,NA,Alg,NA,NA,1975
Data General Nova 3/12,P1,NA,0.0029,NA,NA,NA,Bas,NA,NA,1975
Data General Nova 3/12,P1,NA,0.0141,NA,NA,0.0038,For,NA,NA,1975
Data General Nova 840 swfp,P1,NA,0.0163,NA,NA,NA,For,NA,NA,1970
Data General Nova 840 hwfp,P1,NA,0.068,NA,NA,0.058,For,NA,NA,1970
Data General Eclipse S/140S,P1,NA,0.0200,NA,NA,0.0140,For,NA,NA,1974
Data General Eclipse S/140F,P1,NA,0.450,NA,NA,0.38,For,NA,NA,1974
Data General Eclipse S/200,P1,NA,0.520,NA,NA,0.417,For,NA,17,1975
Data General Eclipse M/600,P1,NA,1.07,NA,NA,0.512,For,NA,NA,NA
Data General MV/4000,P1,5,0.700,NA,NA,NA,For,NA,63,1984
Data General MV/8000,P1,4.5,1.50,NA,NA,NA,For,NA,125,1984
Data General MV/10000,P1,7.1,2.80,NA,NA,NA,For,NA,211,1984
Data General MV/20000-1,P1,11.8,5.71,NA,NA,4.17,For,NA,271,1986
Digico Micro 16P swfp,NA,NA,0.0028,NA,NA,NA,Bas,NA,9,1970
EAI 8400,P9,NA,0.195,NA,NA,0.040,For,NA,NA,1965
Elxsi M6410,NA,20,8.0,NA,NA,NA,For,NA,247,1984
Ferranti Argus 700G swf,NA,NA,0.0100,NA,NA,NA,Cor,NA,NA,1963
FPS M64/30,NA,6.0,5.80,NA,NA,NA,For,NA,360,1981
FPS M64/60,NA,19,18.0,NA,NA,NA,For,NA,1000,1981
FPS M64/60,NA,19,24.0,NA,NA,NA,For,NA,1000,1981
Fujitsu VP-2400/40,P1 Scalar,312,71.7,25.4,64.8,56.8,For,Opt,NA,1991
Fujitsu VP-2400/40 4VU,Vector,312,1828,794,1566,NA,For,Opt,NA,1991
Fujitsu VP-2400/40 4VU,90% Vector,312,530,197,472,NA,For,Opt,NA,1991
Fujitsu VP-2400/40,P1 Scalar,312,174,51.2,130,150,For,IL,NA,1991
Fujitsu VP-2400/40 4VU,Vector,312,2107,986,1662,NA,For,IL,NA,1991
Fujitsu VP-2400/40 4VU,90% Vector,312,998,349,763,NA,For,IL,NA,1991
GA SPC 16-50,NA,NA,0.0217,NA,NA,0.0042,For,NA,NA,1972
GA SPC 16-65,NA,NA,0.500,NA,NA,0.307,For,NA,NA,1972
GA 16/440 no APU,P8,NA,0.059,NA,NA,0.017,For,NA,NA,1975
GA 16/440 APU,P8,NA,0.222,NA,NA,0.174,For,NA,NA,1975
GEC 4060,P1,NA,0.182,NA,NA,NA,For,NA,NA,1979
GEC 4070,P1,NA,0.037,NA,NA,NA,Bas,NA,38,1976
GEC 4070,P1,NA,0.242,NA,NA,0.132,For,NA,38,1976
GEC 4080,P1,NA,0.213,NA,NA,NA,Cor,NA,43,1973
GEC 4080,P1,NA,0.264,NA,NA,0.141,For,NA,43,1973
GEC 4082,P1,NA,0.250,NA,NA,0.139,For,NA,54,1977
GEC 4190 FMU,P1,NA,0.640,NA,NA,0.476,For,NA,NA,1981
GEC 6330,P1,NA,1.35,NA,NA,0.780,For,NA,NA,NA
GEC Elliott 903C,NA,NA,0.00087,NA,NA,NA,Alg,NA,NA,1963
GEC Elliott 905,NA,NA,0.0044,NA,NA,NA,Alg,NA,NA,1963
Gould 32/27 FPS,P1,6.7,0.664,NA,NA,0.464,For,NA,55,NA
Gould 32/35 900ns,P1,NA,0.424,NA,NA,0.198,For,NA,NA,NA
Gould 32/55&57 600ns,P1,NA,0.510,NA,NA,0.217,For,NA,NA,NA
Gould 32/55&57 900ns,P1,NA,0.420,NA,NA,0.200,For,NA,NA,NA
Gould 32/75&77 600fp,P1,NA,0.589,NA,NA,0.385,For,NA,NA,NA
Gould 32/75&77 600ns,P1,NA,0.510,NA,NA,0.217,For,NA,NA,NA
Gould 32/75&77 900ns,P1,NA,0.428,NA,NA,0.191,For,NA,NA,NA
Gould 32/7760,P1,NA,0.0010,NA,NA,NA,Bas,NA,NA,NA
Gould 32/7760,P1,NA,0.450,NA,NA,0.209,For,NA,NA,NA
Gould 32/8750 hwfp,P1,13.3,3.87,NA,NA,2.34,For,NA,230,1981
Gould NP1-110,NA,19.2,10.0,NA,NA,NA,For,NA,375,1987
Harris S100 SAU,P10,NA,0.547,NA,NA,0.506,For,Opt,NA,1975
Harris S500 SAU,P10,NA,0.779,NA,NA,0.730,For,NA,NA,NA
Harris S800 SAU,P10,NA,1.45,NA,NA,1.370,For,NA,NA,NA
Harris H60,P10,3.3,0.880,NA,NA,0.830,For,NA,NA,1984
Harris H600,P10,3.3,0.880,NA,NA,0.830,For,NA,39,1980
Harris H700,P10,3.3,0.880,NA,NA,0.830,For,NA,50,1980
Harris H800,P10,5.6,1.58,NA,NA,1.490,For,NA,139,1980
Harris H1000,P10,13.3,4.81,NA,NA,4.070,For,NA,250,1984
Honeywell H316 HSO,P11,NA,0.0172,NA,NA,0.0056,For,NA,NA,1970
Honeywell H716,P11,NA,0.0420,NA,NA,0.0110,For,NA,8,1972
Honeywell 6/23 N,P1,NA,0.0035,NA,NA,0.0012,For,NA,NA,1975
Honeywell 6/33 N,P1,NA,0.0055,NA,NA,0.0025,For,NA,NA,1975
Honeywell 6/43 SIP,P1,NA,0.241,NA,NA,0.181,For,NA,NA,1975
Honeywell 6/53 SIP,P1,NA,0.323,NA,NA,0.247,For,NA,NA,1975
Honeywell GE 635,P12,NA,0.123,NA,NA,NA,Alg,NA,NA,1964
Honeywell GE 635,P12,NA,0.308,NA,NA,0.185,For,Opz,NA,1964
Honeywell 66/05P,P12,NA,0.134,NA,NA,0.101,For,NA,NA,1976
Honeywell 66/10P,P12,NA,0.182,NA,NA,0.138,For,NA,NA,1976
Honeywell 66/20P,P12,NA,0.453,NA,NA,0.375,For,NA,NA,1976
Honeywell 66/40P,P12,NA,0.618,NA,NA,0.487,For,NA,NA,1976
Honeywell 66/60P,P12,NA,0.348,NA,NA,NA,Alg,NA,NA,1976
Honeywell 66/60P,P12,NA,0.754,NA,NA,0.572,For,NA,NA,1976
Honeywell 6040,P12,NA,0.229,NA,NA,0.141,For,NA,540,1972
Honeywell 6060,P12,NA,0.398,NA,NA,0.264,For,NA,1000,1972
Honeywell 6080,P12,NA,0.780,NA,NA,0.468,For,NA,1300,1972
Honeywell 68 DPS,P12,NA,0.712,NA,NA,0.527,For,NA,NA,1979
Honeywell 66 DPS300,P12,NA,0.948,NA,NA,0.680,For,NA,NA,1979
Honeywell DPS 4 1.0,P1,NA,0.0182,NA,NA,0.0159,For,NA,NA,1980
Honeywell DPS 4 2.3,P1,NA,0.0294,NA,NA,0.0233,For,NA,NA,1980
Honeywell DPS 6/37,P1,NA,0.290,NA,NA,0.187,For,NA,NA,1978
Honeywell DPS 6/67,P1,NA,1.02,NA,NA,0.698,For,NA,NA,1978
Honeywell DPS 8/70M,P12,NA,1.32,NA,NA,0.887,For,NA,NA,1980
Honeywell DPS 8/70,P12,NA,0.860,0.320,1.19,0.716,For,Opt,900,1980
HP 2100A EAU FPU,P11,NA,0.050,NA,NA,NA,Alg,NA,NA,1972
HP 2100A EAU FPU,P11,NA,0.0666,NA,NA,0.0024,For,NA,NA,1972
HP 2100S FFP,P11,NA,0.0760,NA,NA,0.047,For,NA,NA,NA
HP 21MFX,P11,NA,0.417,NA,NA,0.192,For,NA,NA,NA
HP 3000,P13,NA,0.139,NA,NA,0.0085,For,NA,210,1973
HP 3000/30,P7,NA,0.105,NA,NA,0.038,For,NA,NA,NA
HP 3000/33,P7,NA,0.100,NA,NA,0.037,For,NA,NA,NA
HP 3000-III,P7,NA,0.0084,NA,NA,NA,BasI,NA,NA,NA
HP 3000-III,P7,NA,0.190,NA,NA,NA,Bas,NA,NA,NA
HP 3000-III,P7,NA,0.215,NA,NA,0.081,For,NA,NA,NA
HP 3000/40/44,P7,NA,0.328,NA,NA,0.115,For,NA,NA,NA
HP 1000E,P7,NA,0.177,NA,NA,0.091,For,NA,NA,NA
HP 1000F,P7,NA,0.428,NA,NA,0.215,For,NA,NA,NA
HP DN10000-1,Prism,18.2,14.3,3.37,9.44,14.1,For,Opt,70,1988
HP 9000/340,68030,16.7,1.70,NA,NA,1.50,For,xxx,9,1989
HP 9000/825S,PA1.1,12.5,3.60,NA,NA,2.50,For,xxx,42,1988
HP 9000/832S,PA1.1,14.9,7.50,NA,NA,5.40,For,xxx,NA,1990
HP 9000/835SE,PA1.1,14.9,9.00,NA,NA,6.60,For,xxx,99,1988
HP 9000/850S,PA1.1,13.7,8.10,NA,NA,6.10,For,xxx,220,1987
HP 9000/855S,PA1.1,27.5,11.6,NA,NA,8.50,For,xxx,241,1988
HP 9000/870/100,PA1.1,50.0,32.8,NA,NA,25.8,For,xxx,NA,1990
HP 9000/735,PA7100,99,82.0,NA,NA,88.3,For,xxx,NA,1992
HP Pentium,P14,166,112,51.6,320,NA,C++,Opt,NA,1996
HP Pentium II,P14,233,169,62.7,746,NA,C++,Opt,NA,1997
IBM 360/30,P1,NA,0.0155,NA,NA,0.0077,For,NA,170,1965
IBM 360/50,P1,NA,0.045,NA,NA,NA,PL1,NA,840,1965
IBM 360/50,P1,NA,0.145,NA,NA,0.094,For,Op2,840,1965
IBM 360/65,P1,NA,0.072,NA,NA,0.065,Alg,NA,2100,1965
IBM 360/65,P1,NA,0.430,NA,NA,0.321,For,NA,2100,1965
IBM 360/65,P1,NA,0.443,NA,NA,0.336,PL1,Opt,2100,1965
IBM 360/65,P1,NA,0.521,NA,NA,0.421,For,Op2,2100,1965
IBM 360/67,P1,NA,0.320,NA,NA,0.278,For,NA,NA,1966
IBM 360/67,P1,NA,0.603,NA,NA,0.456,For,NA,NA,1966
IBM 360/195,P1,NA,3.03,NA,NA,3.03,For,No,NA,1971
IBM 360/195,P1,NA,4.82,NA,NA,4.77,For,Op2,NA,1971
IBM 360/195,P1,NA,5.00,NA,NA,4.76,For,later,NA,1971
IBM 370/138,P1,NA,0.146,NA,NA,0.092,For,NA,NA
IBM 370/145,P1,NA,0.171,NA,NA,0.103,For,NA,700,1971
IBM 370/148,P1,NA,0.257,NA,NA,0.157,For,Op2,NA
IBM 370/155,P1,NA,0.465,NA,NA,NA,For,Op2,1200,1971
IBM 370/158-1,P1,NA,0.611,NA,NA,NA,For,NA,800,1973
IBM 370/158-1,P1,NA,0.767,NA,NA,0.559,For,Op2,800,1973
IBM 370/158-3,P1,NA,0.826,NA,NA,0.582,For,Op2,1000,1976
IBM 370/165,P1,NA,1.85,NA,NA,NA,For,NA,3000,1971
IBM 370/165,P1,NA,2.04,NA,NA,NA,For,Op2,3000,1971
IBM 370/165,P1,NA,2.21,NA,NA,NA,For,Op3,3000,1971
IBM 370/168,P1,NA,2.05,NA,NA,1.90,For,NA,3000,1973
IBM 370/168,P1,NA,2.44,NA,NA,2.08,For,Op2,3000,1973
IBM 370/168-3 HSM,P1,NA,3.04,NA,NA,NA,For,Op2,NA,1976
IBM 3031,P1,NA,0.946,NA,NA,0.644,For,Op2,700,1978
IBM 3032,P1,NA,2.43,NA,NA,2.06,For,Op2,1300,1978
IBM 3033 A,P1,NA,5.68,NA,NA,4.70,For,Op2,2400,1978
IBM 3033 N,P1,NA,5.08,NA,NA,4.62,For,Op2,1300,1980
IBM 3033 U,P1,NA,5.64,NA,NA,4.55,For,Op2,NA,NA
IBM 4331-1,P1,1.1,0.110,NA,NA,NA,Bas,NA,NA,NA
IBM 4331-1,P1,1.1,0.160,NA,NA,0.060,For,Op2,NA,NA
IBM 4331-2,P1,1.1,0.410,NA,NA,0.165,For,Op2,112,1981
IBM 4341-1,P1,6.7,0.990,NA,NA,0.770,For,Op2,205,1981
IBM 4341-2,P1,8.3,1.28,NA,NA,0.990,For,Op2,350,1981
IBM 4361-5,P1,10,1.52,NA,NA,0.929,For,Op2,200,1984
IBM 4381-2,P1,14.7,2.92,NA,NA,NA,For,Opt,500,1984
IBM 3081 D 1 cpu,P1,NA,6.58,NA,NA,5.92,For,Op2,2800,1981
IBM 3081 G 1 cpu,P1,38.5,6.09,NA,NA,5.35,For,Op2,2500,1982
IBM 3081 K 1 cpu,P1,38.5,8.20,NA,NA,7.08,For,Op2,3200,1982
IBM 3083 E,P1,38.5,4.54,NA,NA,4.10,For,Op2,1200,1983
IBM 3084 Q 1 cpu,P1,38.5,8.14,NA,NA,6.97,For,Op2,8700,1983
IBM 3084 Q 1 cpu,P1,38.5,7.62,NA,NA,6.66,For,Op2,NA,1983
IBM 3084 Q 1 cpu,P1,38.5,8.18,NA,NA,6.96,For,Op3,NA,1983
IBM 3083 BX,P1,41.7,7.38,2.13,8.71,6.33,For,Op3,1500,1984
IBM 3090-150 VP,P1 Scalar,54,12.1,4.87,11.8,11.3,For,Op3,NA,1986
IBM 3090-150 VP,Vector,54,59.8,17.3,86.1,NA,For,Op3,NA,1986
IBM 3090-150 VP,90% Vector,54,42.9,13.8,52.8,NA,For,Op3,NA,1986
IBM 3090-150 E,P1,56,12.3,4.99,12.2,11.1,For,Op2,1700,1987
IBM 3090-150 E,P1,56,11.1,4.44,9.47,10.1,For,Op1,1700,1987
IBM 3090-180,P1,54,19.2,NA,NA,17.0,For,Op3,2600,1986
IBM PC RT 6150,NA,5.9,0.30,NA,NA,NA,For,NA,11,1986
IBM PC RT B25 FP,NA,10,1.60,NA,NA,NA,For,NA,17,1988
IBM RS/6000 530,POWER,25,18.8,NA,NA,NA,For,NA,41,1990
IBM RS/6000 350,POWER,41.6,40.7,NA,NA,44.7,For,NA,27,1992
IBM RS/6000 580,POWER,62.5,57.3,NA,NA,64.7,For,NA,NA,1992
ICL EE KDF9,P15,NA,0.0024,NA,NA,NA,AlgI,NA,NA,1963
ICL EE KDF9,P15,NA,0.062,NA,NA,NA,Alg,Opt,NA,1963
ICL EE KDF9,P15,NA,0.080,NA,NA,0.0077,For,NA,NA,1963
ICL 4120,NA,NA,0.0104,NA,NA,NA,For,NA,38,1965
ICL 4130,NA,NA,0.0532,NA,NA,NA,Alg,NA,NA,1966
ICL 4130,NA,NA,0.0752,NA,NA,NA,For,NA,NA,1966
ICL 1903T,P16,NA,0.133,NA,NA,0.0165,For,Tr0,288,1973
ICL 1904A,P16,NA,0.091,NA,NA,0.019,For,Tr1,342,1969
ICL 1904A,P16,NA,0.125,NA,NA,NA,Alg,Tr0,342,1969
ICL 1904A,P16,NA,0.195,NA,NA,0.0210,For,Tr0,342,1969
ICL 1904S,P16,NA,0.222,NA,NA,0.0280,For,Tr0,558,1973
ICL 1906A,P16,NA,0.282,NA,NA,0.187,For,Tr0,990,1970
ICL 1906A,P16,NA,0.379,NA,NA,NA,Alg,Tr0,990,1970
ICL 1906A,P16,NA,0.585,NA,NA,NA,For,Tr0,990,1970
ICL 1906A,P16,NA,0.661,NA,NA,NA,Pas,NA,990,1970
ICL 1906S,P16,NA,0.800,NA,NA,0.122,For,Tr0,NA,1973
ICL 1906S HEP,P16,NA,0.800,NA,NA,0.404,For,Tr0,NA,1973
ICL 1905F,P16,NA,0.0960,NA,NA,0.012,For,Tr0,288,1968
ICL 2903 SCF,P16,NA,0.0238,NA,NA,0.0036,For,NA,NA,1973
ICL System 4/50,P1,NA,0.0551,NA,NA,0.027,For,NA,216,1967
ICL System 4/70,P1,NA,0.280,NA,NA,0.209,For,NA,391,1968
ICL System 4/72,P1,NA,0.300,NA,NA,0.225,For,NA,NA,1971
ICL System 4/75,P1,NA,0.068,NA,NA,0.068,For,NA,NA,1968
ICL System 4/75,P1,NA,0.235,NA,NA,0.211,Alg,NA,NA,1968
ICL System 4/75,P1,NA,0.267,NA,NA,0.200,For,NA,NA,1968
ICL 2950,P16,NA,0.058,NA,NA,0.011,For,NA,540,1978
ICL 2960,P16,NA,0.208,NA,NA,0.032,For,Tr0,1350,1975
ICL 2960,P1,NA,0.398,NA,NA,0.221,For,NA,NA,1975
ICL 2970,P1,NA,0.608,NA,NA,0.500,For,NA,NA,1975
ICL 2970,P1,NA,0.637,NA,NA,0.539,For,NA,NA,1975
ICL 2970,P1,NA,0.49,NA,NA,0.490,Alg,DP,NA,1975
ICL 2972,P1,NA,2.11,NA,NA,1.61,For,NA,NA,NA
ICL 2976,P1,NA,2.26,NA,NA,1.82,For,NA,NA,1976
ICL 2980,P1,NA,2.45,NA,NA,1.91,For,NA,NA,1976
ICL 2980 FMDU,P1,NA,3.50,NA,NA,2.63,For,NA,NA,1976
ICL 2980 FMDU,P1,NA,1.74,NA,NA,1.74,Alg,DP,NA,1976
ICL 2982 FMDU,P1,NA,3.57,NA,NA,2.87,For,NA,NA,NA
ICL 2956/20,P16,NA,0.217,NA,NA,0.033,For,Tr0,NA,NA
ICL 2966,P1,12.5,0.917,NA,NA,0.476,For,NA,NA,NA
ICL 2966 PEF,P1,12.5,1.37,NA,NA,0.773,For,NA,NA,NA
ICL 2966,P16,12.5,0.314,NA,NA,0.0673,For,NA,639,NA
ICL 2977,P1,NA,3.36,NA,NA,2.78,For,NA,NA,NA
ICL 39/80,P1,40,9.33,2.26,9.16,5.81,For,Op3,1600,1985
ICL 39/80,P1,40,14.5,3.23,12.6,8.00,For,Op4,1600,1985
Modcomp II,NA,NA,0.237,NA,NA,0.178,For,NA,13,1972
Modcomp IV,NA,NA,0.550,NA,NA,0.247,For,NA,18,1973
Modcomp Classic,P13,NA,0.941,NA,NA,0.750,For,NA,NA,NA
NCR 8570,P1,NA,0.093,NA,NA,0.061,For,NA,NA,NA
NCR 8580,P1,NA,0.110,NA,NA,0.068,For,NA,NA,NA
Norsk-Data 10/S,NA,NA,0.153,NA,NA,0.0019,For,NA,NA,1974
Norsk-Data 50,P7,NA,0.531,NA,NA,0.451,For,NA,NA,1975
NEC SX-3/11-12,P1 Scalar,345,42.9,17.0,52.5,40.3,For,Opt,NA,1991
NEC SX-3/11,Vector,345,1106,441,908,NA,For,Opt,7300,1991
NEC SX-3/11,90% Vector,345,318,126,345,NA,For,Opt,7300,1991
NEC SX-3/12,Vector,345,1667,753,1232,NA,For,Opt,NA,1991
NEC SX-3/12,90% Vector,345,348,141,379,NA,For,Opt,NA,1991
Prime 300 fpp,P17,NA,0.120,NA,NA,0.074,For,NA,23,1973
Prime 350,P17,NA,0.213,NA,NA,NA,For,V,NA,NA
Prime 400,P17,NA,0.427,NA,NA,NA,For,R,71,1976
Prime 500,P17,NA,0.537,NA,NA,0.412,For,R,NA,1977
Prime 550,P17,NA,0.435,NA,NA,0.248,For,R,NA,1979
Prime 650,P17,NA,0.523,NA,NA,0.423,For,V,NA,1979
Prime 650,P17,NA,0.541,NA,NA,0.426,For,R,NA,1979
Prime 750,P17,NA,0.499,NA,NA,NA,Alg,V,NA,1979
Prime 750,P17,NA,0.750,NA,NA,0.550,PL1,Opt,NA,1979
Prime 750,P17,NA,0.800,NA,NA,NA,Pas,NA,NA,1979
Prime 750,P17,NA,1.00,NA,NA,0.767,For,R,NA,1979
Prime 750,P17,NA,NA,NA,NA,0.150,Bas,V,NA,1979
Prime 850,P17,NA,1.98,NA,NA,NA,For,NA,NA,1981
Prime 250 Mk 1,P17,NA,0.509,NA,NA,0.265,For,NA,NA,1980
Prime 2250,P17,6.25,0.0220,NA,NA,NA,BasI,NA,40,1982
Prime 2250,P17,6.25,0.137,NA,NA,NA,Bas,NA,40,1982
Prime 2250,P17,6.25,0.479,NA,NA,0.245,For,NA,40,1982
Prime 9650,P17,6.25,0.735,NA,NA,NA,For,NA,145,1984
Prime 9750,P17,10,1.61,NA,NA,1.21,For,NA,250,1984
Prime 9950,P17,12.5,2.20,NA,NA,1.73,For,NA,392,1984
Prime 9955,P17,12.5,2.59,NA,NA,2.13,For,NA,360,1985
Prime 9955,P17,12.5,2.46,NA,NA,NA,For,No,NA,1986
Prime 9955,P17,12.5,3.75,NA,NA,NA,For,Op4,NA,1986
Prime 9955,P17,12.5,3.93,NA,NA,3.45,For,OP6,NA,1986
Prime 9955 II,P17,15.6,3.10,0.82,3.36,2.48,For,Opt,356,1986
Prime 6350,P17,22.7,5.32,1.78,4.94,4.57,For,No,549,1987
Prime 6350,P17,22.7,10.2,2.56,9.79,8.03,For,Opt,NA,1987
Pyramid 9820 1 cpu,NA,10,3.26,0.77,4.59,1.88,For,Opt,300,1987
Xerox Sigma 5,P1,NA,0.298,NA,NA,0.225,For,NA,NA,1967
Xerox Sigma 6,P1,NA,0.038,NA,NA,0.036,Alg,NA,NA,1970
Xerox Sigma 6,P1,NA,0.331,NA,NA,0.260,For,NA,NA,1970
Xerox Sigma 7,P1,NA,0.340,NA,NA,0.282,For,NA,NA,1966
Xerox Sigma 9,P1,NA,0.483,NA,NA,NA,For,NA,NA,1971
Xerox 530 hwfp,P1,NA,0.043,NA,NA,NA,For,NA,NA,1973
Xerox 560,P1,NA,0.313,NA,NA,0.232,For,NA,NA,1974
Xerox SDS 9300,NA,NA,0.138,NA,NA,0.018,For,NA,NA,1963
SGI Indigo,R4000,100,71.0,NA,NA,59.0,For,xxx,NA,1992
SGI Indigo2,R4400,150,106,NA,NA,90.0,For,xxx,NA,1993
SGI ONYX,R8000,75,57.8,12.4,98.2,NA,C,Opt,NA,1993
SGI Challenge S,R4400,200,77.2,24.9,134,NA,C,Opt,NA,1993
SGI Indy,R5000,150,83.2,24.9,159,NA,C,Opt,NA,1993
SGI 02,R10000,175,122,44.4,189,NA,C,Opt,NA,1997
SGI 02,R10000,175,201,42.8,260,NA,C,Opt,NA,1997
Sinclair ZX81,Z80A,NA,0.00052,NA,NA,NA,Bas,NA,0.12,1981
Sinclair Spectrum,Z80A,3.54,0.00052,NA,NA,NA,Bas,NA,0.23,1982
Siemens VP200-EX,NA,143,46.0,NA,NA,46.0,For,xxx,NA,NA
Sun 3/160,68020,16.7,2.40,NA,NA,1.90,For,NA,20,1985
Sun 3/260,68020,25,3.60,NA,NA,2.70,For,NA,29,1986
Sun 4/110,SPARC,14.3,4.20,NA,NA,2.90,For,NA,19,1988
Sun 4/260,SPARC,16.7,5.56,1.06,5.11,3.81,For,NA,40,1987
Sun 4/260,SPARC,16.7,8.50,NA,NA,6.80,For,xxx,40,1987
Sun SunStation 1,SPARC,20,8.00,NA,NA,5.60,For,xxx,9,1990
Sun SunStation 300,SPARC,25,12.3,NA,NA,9.90,For,xxx,29,1990
Sun SunServer 490,SPARC,33,17.4,NA,NA,14.0,For,xxx,100,1990
Sun SunStation 20,RT HSPARC,100,49.7,19.8,81.1,45.8,C,Opt,NA,1994
Unisys 1106 U,P18,NA,0.535,NA,NA,0.313,For,NA,243,1970
Unisys 1108,P18,NA,0.870,NA,NA,0.475,For,NA,NA,1964
Unisys 1110,P18,NA,0.464,NA,NA,NA,Alg,NA,NA,1972
Unisys 1110,P18,NA,0.482,NA,NA,NA,PL1,NA,NA,1972
Unisys 1110,P18,NA,1.61,NA,NA,1.12,For,NA,NA,1972
Unisys 1100/20,P18,NA,0.811,NA,NA,0.470,For,NA,677,1975
Unisys 1100/80,P18,NA,2.35,NA,NA,1.35,For,NA,NA,1978
Unisys 1100/61 C1,P18,NA,0.617,NA,NA,0.267,For,NA,NA,1979
Unisys 1100/61 E1/H1,P18,8.6,1.27,NA,NA,0.430,For,NA,693,1979
Varian 620/L-100,P19,NA,0.0183,NA,NA,0.00036,For,NA,4,1975
Varian V-72 hwfp,P19,NA,0.357,NA,NA,0.200,For,NA,NA,1972
Varian V-73 hwfp,P19,NA,0.208,NA,NA,NA,For,NA,14,1972
Varian V-76,P19,NA,0.744,NA,NA,0.431,For,NA,17,1976
Varian V-76 cache,P19,NA,1.04,NA,NA,0.505,For,NA,NA,1976
